"EmpId","FirstName","LastName","Email","Role"
"20","Ankit","Yembewar","ankit@yopmail.com","Admin"
"24","sumit","ninja","sumit@yopmail.com","Employee"
"31","Sanket1","User","user@yopmail.com","Employee"
"32","Ankit14545","Yembewar","us1@yopmail.com","Employee"
"33","Ankit14545","Yembewar","us1@yopmail.com","Employee"
"35","test","admin","t1@yopmail.com","Admin"
"36","Test1","Yembewar","ankityembewar01@gmail.com","Admin"
"37","Test","User1","l@yopmail.com","Admin"
"38","Test","User","ab@yopmail.com","Employee"
"39","Test","User","ab@yopmail.com","Employee"
"41","Sanket1","User1","ankit@yopmail.com","Employee"
"42","Test","User","ankityembewar01@gmail.com","Employee"
"43","Test","User","shravanbetwar21@gmail.com","Employee"
"44","Ankit","Kayarkar","ankitkay002@gmail.com","Admin"
"45","Ankit","Kayarkar","ankitkay002@gmail.com","Admin"

